id,text,entry_type,french_gloss,english_gloss,category,notes,audio_filename,contributor,timestamp
1,"Mon mbom, tu es where?","statement","Mon pote, tu es où ?","My guy, where are you?","People and address terms","Constructed example built from lexicon entries (mbom); not a recorded/verified real-speaker statement.","","",""
2,"C'est comment, tara? On est ensemble.","statement","Comment ça va, ami ? On est ensemble.","How's it going, buddy? We're together (solidarity).","Greetings and social formulas","Constructed example built from lexicon entries (tara, on est ensemble); not a recorded/verified real-speaker statement.","","",""
3,"Je n'ai pas de nkap, je suis sec.","statement","Je n'ai pas d'argent, je suis fauché.","I have no money, I'm broke.","Money, work and hustle","Constructed example built from lexicon entries (nkap, sec); not a recorded/verified real-speaker statement.","","",""
4,"Il a fait le djoba pour avoir le mbourou.","statement","Il a fait le boulot pour avoir l'argent.","He did the job to get the money.","Money, work and hustle","Constructed example built from lexicon entries (djoba, mbourou); not a recorded/verified real-speaker statement.","","",""
5,"Tu sabi ca? Je mimba que oui.","statement","Tu sais ça ? Je pense que oui.","Do you know that? I think so.","Common verbs and actions","Constructed example built from lexicon entries (sabi, mimba); not a recorded/verified real-speaker statement.","","",""
6,"On va tchop avant de kick.","statement","On va manger avant de partir.","We'll eat before leaving.","Common verbs and actions","Constructed example built from lexicon entries (tchop, kick); not a recorded/verified real-speaker statement.","","",""
7,"Je suis dans mon kwatt, pas loin du carrefour.","statement","Je suis dans mon quartier, pas loin du carrefour.","I'm in my neighbourhood, not far from the junction.","Places, movement and transport","Constructed example built from lexicon entries (kwatt, carrefour); not a recorded/verified real-speaker statement.","","",""
8,"Prends un clando pour aller au mboa.","statement","Prends un taxi clandestin pour aller au village.","Take an unlicensed taxi to go to the hometown.","Places, movement and transport","Constructed example built from lexicon entries (clando, mboa); not a recorded/verified real-speaker statement.","","",""
9,"On va chop le ndole avec du chaud mimbo.","statement","On va manger le ndolé avec de la boisson forte.","We'll eat ndolé with strong drink.","Food and drink","Constructed example built from lexicon entries (ndole, mimbo, chaud); not a recorded/verified real-speaker statement.","","",""
10,"Ce gars est vraiment fort, il est top.","statement","Ce garçon est vraiment fort, il est excellent.","That guy is really skilled, he's excellent.","Describing people and things","Constructed example built from lexicon entries (fort, top); not a recorded/verified real-speaker statement.","","",""
11,"Il y a trop de wahala dans ce palabre.","statement","Il y a trop de problèmes dans cette dispute.","There's too much trouble in this dispute.","Trouble, luck and street life","Constructed example built from lexicon entries (wahala, palabre); not a recorded/verified real-speaker statement.","","",""
12,"Na lui qui a fait ca, oh!","statement","C'est bien lui qui a fait ça !","It's really him who did that!","Grammar glue and discourse markers","Constructed example built from lexicon entries (na, oh); not a recorded/verified real-speaker statement.","","",""
13,"Je dois bosser a la fac avant d'acheter un forfait.","statement","Je dois travailler dur à l'université avant d'acheter un forfait de données.","I need to study hard at university before buying a data bundle.","University and phones","Constructed example built from extra_lexicon entries (bosser, fac, forfait); not a recorded/verified real-speaker statement.","","",""
14,"Il y a delestage encore, pas de connexion.","statement","Il y a encore une coupure de courant programmée, pas de connexion.","There's a power rationing again, no connection.","Street, transport and utilities","Constructed example built from extra_lexicon entries (delestage, connexion); not a recorded/verified real-speaker statement.","","",""
15,"Ce mbenguiste est revenu au mboa avec plein de cadeaux.","statement","Ce Camerounais revenu d'Europe est rentré au pays avec plein de cadeaux.","That Cameroonian who lived abroad came back home with lots of gifts.","People and address terms","Constructed example built from lexicon entries (mbenguiste, mboa, cadeau); not a recorded/verified real-speaker statement.","","",""
16,"Ashia, le pays est dur en ce moment.","statement","Désolé, le pays est difficile en ce moment.","Sorry to hear that, life here is hard right now.","Greetings and social formulas","Constructed example built from lexicon entries (Ashia, le pays est dur); not a recorded/verified real-speaker statement.","","",""
17,"Il m'a taxe pour du nkap, mais je suis sec.","statement","Il m'a demandé de l'argent, mais je suis fauché.","He asked me to spare some cash, but I'm broke.","Money, work and hustle","Constructed example built from lexicon entries (taxer, nkap, sec); not a recorded/verified real-speaker statement.","","",""
18,"Ne me sissia pas, je ne piak pas facilement.","statement","Ne m'intimide pas, je ne fuis pas facilement.","Don't try to intimidate me, I don't run away easily.","Common verbs and actions","Constructed example built from lexicon entries (sissia, piak); not a recorded/verified real-speaker statement.","","",""
19,"On a pris un benskin jusqu'au carrefour.","statement","On a pris une moto-taxi jusqu'au carrefour.","We took a motorcycle taxi to the junction.","Places, movement and transport","Constructed example built from lexicon entries (benskin, carrefour); not a recorded/verified real-speaker statement.","","",""
20,"Le soya au call box est vraiment fresh ce soir.","statement","La viande grillée près du stand de crédit est vraiment délicieuse ce soir.","The grilled meat skewers by the phone-credit stand are really good tonight.","Food and drink","Constructed example built from lexicon entries (soya, call box, fresh); not a recorded/verified real-speaker statement.","","",""
21,"Ce djo est fort en bosh, il va reussir.","statement","Ce garçon est doué pour étudier dur, il va réussir.","This guy is good at studying hard, he'll succeed.","Describing people and things","Constructed example built from lexicon entries (djo, fort, bosh); not a recorded/verified real-speaker statement.","","",""
22,"Il y a trop de kalaba a cause de ce palabre.","statement","Il y a trop de confusion à cause de cette dispute.","There's too much confusion because of this dispute.","Trouble, luck and street life","Constructed example built from lexicon entries (kalaba, palabre); not a recorded/verified real-speaker statement.","","",""
23,"Il est fort, hein? Meme lui sait ca.","statement","Il est fort, hein ? Même lui sait ça.","He's skilled, right? Even he knows that.","Grammar glue and discourse markers","Constructed example built from lexicon entries (hein, meme); not a recorded/verified real-speaker statement.","","",""
24,"Pas de connexion, le forfait est fini.","statement","Pas de connexion, le forfait de données est épuisé.","No connection, the data bundle has run out.","University and phones","Constructed example built from extra_lexicon entries (forfait, connexion); not a recorded/verified real-speaker statement.","","",""
25,"Au chek point, le motard a montre son papier.","statement","Au poste de contrôle, le conducteur de moto a montré ses papiers.","At the checkpoint, the motorcycle rider showed his papers.","Street, transport and utilities","Constructed example built from extra_lexicon entries (chek point, motard); not a recorded/verified real-speaker statement.","","",""
26,"Garr! Je wanda de voir ca.","statement","Wow ! Je suis étonné de voir ça.","Wow! I'm amazed to see that.","Extra slang and fillers","Constructed example built from extra_lexicon entries (garr, je wanda); not a recorded/verified real-speaker statement.","","",""
